url,title,company,location,salary_minimum,salary_maximum,salary_currency,salary_period,salary_text,last_updated,posted_at,internship,sponsors_visa,workplace,employment_type,experience_levels,note,url_validated_at,application_url_type,source_sites,source_urls,valid_through,source,sources_json,application_urls_json,employer_urls_json,array_fields_json,fields_json,field_types_json,enrichment_json
https://rolesweep.com/jobs/390ea0cc6ef40eed1823356a5e28774f-design-technologist,Design Technologist,Design Technologist Seen 8d ago Imbue,"San Francisco, CA",150000.0,275000.0,,,"$150,000 - $275,000",,,,,onsite,full_time,,,,,rolesweep,https://rolesweep.com/jobs/390ea0cc6ef40eed1823356a5e28774f-design-technologist,,rolesweep,"[{""site"": ""rolesweep"", ""url"": ""https://rolesweep.com/jobs/390ea0cc6ef40eed1823356a5e28774f-design-technologist""}]",[],[],"{""location"": [""San Francisco, CA""]}",{},"{""location"": ""array_field""}",{}
https://rolesweep.com/jobs/d170f2a94d73ec0ef1eb9badf198c68b-senior-design-technologist-design-systems-cnn,"Senior Design Technologist, Design Systems, CNN","Senior Design Technologist, Design Systems, CNN Seen 10d ago Warner Bros. Discovery",3 Locations,98280.0,182520.0,,,"$98,280.00 - $182,520.00",,,,,hybrid,full_time,,,,,rolesweep,https://rolesweep.com/jobs/d170f2a94d73ec0ef1eb9badf198c68b-senior-design-technologist-design-systems-cnn,,rolesweep,"[{""site"": ""rolesweep"", ""url"": ""https://rolesweep.com/jobs/d170f2a94d73ec0ef1eb9badf198c68b-senior-design-technologist-design-systems-cnn""}]",[],[],"{""location"": [""3 Locations""]}",{},"{""location"": ""array_field""}",{}
https://rolesweep.com/jobs/3829ab7b02c82df57316715431608d18-senior-design-technologist,Senior Design Technologist,Senior Design Technologist Seen 23d ago WSP,"Kamloops, BC, Canada",89800.0,118900.0,,,"$89,800 - $118,900",,,,,onsite,full_time,,,,,rolesweep,https://rolesweep.com/jobs/3829ab7b02c82df57316715431608d18-senior-design-technologist,,rolesweep,"[{""site"": ""rolesweep"", ""url"": ""https://rolesweep.com/jobs/3829ab7b02c82df57316715431608d18-senior-design-technologist""}]",[],[],"{""location"": [""Kamloops, BC, Canada""]}",{},"{""location"": ""array_field""}",{}
https://rolesweep.com/jobs/cffed450a8f665b7af9078b31a5bb827-design-technologist-ii-amz9802831,Design Technologist II - AMZ9802831,Design Technologist II - AMZ9802831 Seen 38d ago Amazon,"New York, New York, USA",145000.0,,,year,"$145,000/year",,,,,onsite,full_time,,,,,rolesweep,https://rolesweep.com/jobs/cffed450a8f665b7af9078b31a5bb827-design-technologist-ii-amz9802831,,rolesweep,"[{""site"": ""rolesweep"", ""url"": ""https://rolesweep.com/jobs/cffed450a8f665b7af9078b31a5bb827-design-technologist-ii-amz9802831""}]",[],[],"{""location"": [""New York, New York, USA""]}",{},"{""location"": ""array_field""}",{}
https://rolesweep.com/jobs/47ef538c8acbffe1a857a024eff6fbf2-design-technologist-ii-prime-video,"Design Technologist II, Prime Video","Design Technologist II, Prime Video Seen 44d ago Amazon","Culver City, California, USA",,,,,,,,,,onsite,full_time,,,,,rolesweep,https://rolesweep.com/jobs/47ef538c8acbffe1a857a024eff6fbf2-design-technologist-ii-prime-video,,rolesweep,"[{""site"": ""rolesweep"", ""url"": ""https://rolesweep.com/jobs/47ef538c8acbffe1a857a024eff6fbf2-design-technologist-ii-prime-video""}]",[],[],"{""location"": [""Culver City, California, USA""]}",{},"{""location"": ""array_field""}",{}
https://rolesweep.com/jobs/fbb17187ac0f191b92487a6e4380c288-senior-design-technologist-creative-x,"Senior Design Technologist, Creative X","Senior Design Technologist, Creative X Seen 44d ago Amazon","New York, New York, USA",,,,,,,,,,onsite,full_time,,,,,rolesweep,https://rolesweep.com/jobs/fbb17187ac0f191b92487a6e4380c288-senior-design-technologist-creative-x,,rolesweep,"[{""site"": ""rolesweep"", ""url"": ""https://rolesweep.com/jobs/fbb17187ac0f191b92487a6e4380c288-senior-design-technologist-creative-x""}]",[],[],"{""location"": [""New York, New York, USA""]}",{},"{""location"": ""array_field""}",{}
https://rolesweep.com/jobs/444b13bd38c7ba7d271df5893f3d64ca-sr-design-technologist-websites-amazon-ads-marketing,"Sr. Design Technologist, Websites, Amazon Ads Marketing","Sr. Design Technologist, Websites, Amazon Ads Marketing Seen 49d ago Amazon","Seattle, Washington, USA",,,,,,,,,,onsite,full_time,,,,,rolesweep,https://rolesweep.com/jobs/444b13bd38c7ba7d271df5893f3d64ca-sr-design-technologist-websites-amazon-ads-marketing,,rolesweep,"[{""site"": ""rolesweep"", ""url"": ""https://rolesweep.com/jobs/444b13bd38c7ba7d271df5893f3d64ca-sr-design-technologist-websites-amazon-ads-marketing""}]",[],[],"{""location"": [""Seattle, Washington, USA""]}",{},"{""location"": ""array_field""}",{}
https://rolesweep.com/jobs/d06a1402eaae3a0b5984c3ecd57a5a49-lead-design-technologist,Lead Design Technologist,Lead Design Technologist Seen 53d ago Atlassian,"San Francisco, United States, San Francisco, California 94104 United States | Mountain View, United States or Remote, Mountain View, California 94041 United States | Americas | Seattle, United States, Seattle, Washington  United States",192600.0,251450.0,,,"$192,600 - $251,450",,,,,hybrid,full_time,,,,,rolesweep,https://rolesweep.com/jobs/d06a1402eaae3a0b5984c3ecd57a5a49-lead-design-technologist,,rolesweep,"[{""site"": ""rolesweep"", ""url"": ""https://rolesweep.com/jobs/d06a1402eaae3a0b5984c3ecd57a5a49-lead-design-technologist""}]",[],[],"{""location"": [""San Francisco, United States, San Francisco, California 94104 United States | Mountain View, United States or Remote, Mountain View, California 94041 United States | Americas | Seattle, United States, Seattle, Washington United States""]}",{},"{""location"": ""array_field""}",{}
https://rolesweep.com/jobs/682db2ff91bc9747caae1a49493d416d-design-technologist-ii-creative-x,"Design Technologist II, Creative X","Design Technologist II, Creative X Seen 57d ago Amazon","Seattle, Washington, USA",,,,,,,,,,onsite,full_time,,,,,rolesweep,https://rolesweep.com/jobs/682db2ff91bc9747caae1a49493d416d-design-technologist-ii-creative-x,,rolesweep,"[{""site"": ""rolesweep"", ""url"": ""https://rolesweep.com/jobs/682db2ff91bc9747caae1a49493d416d-design-technologist-ii-creative-x""}]",[],[],"{""location"": [""Seattle, Washington, USA""]}",{},"{""location"": ""array_field""}",{}
https://rolesweep.com/jobs/aaf4323574464ce2a6c4375f715a5d27-emc-design-technologist,EMC Design Technologist,EMC Design Technologist Seen 57d ago Apple,"Austin, United States of America",,,,,,,,,,onsite,full_time,,,,,rolesweep,https://rolesweep.com/jobs/aaf4323574464ce2a6c4375f715a5d27-emc-design-technologist,,rolesweep,"[{""site"": ""rolesweep"", ""url"": ""https://rolesweep.com/jobs/aaf4323574464ce2a6c4375f715a5d27-emc-design-technologist""}]",[],[],"{""location"": [""Austin, United States of America""]}",{},"{""location"": ""array_field""}",{}
https://rolesweep.com/jobs/3321132cf0833667d73c4d28cd51cdd9-sr-principal-engineer-design-technologist,"Sr. Principal Engineer, Design Technologist","Sr. Principal Engineer, Design Technologist Seen 76d ago GlobalFoundries",USA - Texas - Richardson,171000.0,296000.0,,,"$171,000.00 - $296,000.00",,,,,onsite,full_time,,,,,rolesweep,https://rolesweep.com/jobs/3321132cf0833667d73c4d28cd51cdd9-sr-principal-engineer-design-technologist,,rolesweep,"[{""site"": ""rolesweep"", ""url"": ""https://rolesweep.com/jobs/3321132cf0833667d73c4d28cd51cdd9-sr-principal-engineer-design-technologist""}]",[],[],"{""location"": [""USA - Texas - Richardson""]}",{},"{""location"": ""array_field""}",{}
https://rolesweep.com/jobs/d716d7b23f3bccd0478aef589fc63601-senior-design-technologist-ai-tooling,"Senior Design Technologist, AI Tooling","Senior Design Technologist, AI Tooling Seen 99d ago Grammarly",Hub - San Francisco,,,,,,,,,,hybrid,full_time,,,,,rolesweep,https://rolesweep.com/jobs/d716d7b23f3bccd0478aef589fc63601-senior-design-technologist-ai-tooling,,rolesweep,"[{""site"": ""rolesweep"", ""url"": ""https://rolesweep.com/jobs/d716d7b23f3bccd0478aef589fc63601-senior-design-technologist-ai-tooling""}]",[],[],"{""location"": [""Hub - San Francisco""]}",{},"{""location"": ""array_field""}",{}
https://www.linkedin.com/posts/remote-work-wfh_design-technologist-at-elation-health-activity-7509622936283090946-1WXD,Design Technologist,Elation Health,Remote,,,,,,2026-09-26T15:02:11.397+00:00,2026-09-26T14:40:30.057+00:00,,,remote,,,Apply via recruiter (link),,,backchannel,https://www.linkedin.com/posts/remote-work-wfh_design-technologist-at-elation-health-activity-7509622936283090946-1WXD,,backchannel,"[{""site"": ""backchannel"", ""url"": ""https://www.linkedin.com/posts/remote-work-wfh_design-technologist-at-elation-health-activity-7509622936283090946-1WXD""}]",[],[],"{""location"": [""Remote""]}",{},"{""location"": ""array_field""}",{}
https://news.ycombinator.com/item?id=49929352,Design Technologist,Stellar Science,Unknown,,,,,,,2026-10-02T02:41:47Z,,,,,,,,,hn,https://news.ycombinator.com/item?id=49929352,,hn,"[{""site"": ""hn"", ""url"": ""https://news.ycombinator.com/item?id=49929352""}]","[""https://www.stellarscience.com"", ""https://www.stellarscience.com/careers/""]",[],"{""location"": [""Unknown""]}",{},"{""location"": ""array_field""}",{}
https://news.ycombinator.com/item?id=49924087,Design Technologist,Baton,"San Francisco, CA (Hybrid)",,,,,,,2026-10-01T16:50:08Z,,,,,,,,,hn,https://news.ycombinator.com/item?id=49924087,,hn,"[{""site"": ""hn"", ""url"": ""https://news.ycombinator.com/item?id=49924087""}]","[""https://grnh.se/55wbfa9g7us"", ""https://grnh.se/8pm4cytg7us"", ""https://grnh.se/wb558ncz7us"", ""https://grnh.se/537yusl37us"", ""https://grnh.se/770pgzv17us"", ""https://grnh.se/zjf8nfrb7us""]",[],"{""location"": [""San Francisco, CA (Hybrid)""]}",{},"{""location"": ""array_field""}",{}
